{
  "minecraft:recipes/misc/fire_charge": {
    "criteria": {
      "has_blaze_powder": "2017-12-04 16:37:22 -0500"
    },
    "done": true
  },
  "minecraft:recipes/brewing/magma_cream": {
    "criteria": {
      "has_blaze_powder": "2017-12-04 16:37:22 -0500"
    },
    "done": true
  },
  "minecraft:recipes/misc/ender_eye": {
    "criteria": {
      "has_blaze_powder": "2017-12-04 16:37:22 -0500"
    },
    "done": true
  },
  "minecraft:adventure/adventuring_time": {
    "criteria": {
      "forest": "2017-12-04 15:29:01 -0500"
    },
    "done": false
  }
}