{"stat.walkOneCm":25939,"stat.leaveGame":11,"stat.pickup.minecraft.log":18,"stat.jump":120,"stat.fallOneCm":1022,"stat.crouchOneCm":2786,"stat.pickup.minecraft.sapling":5,"stat.sprintOneCm":3132,"stat.pickup.minecraft.apple":1,"stat.craftingTableInteraction":3,"stat.useItem.minecraft.sapling":5,"stat.drop.minecraft.crafting_table":1,"stat.damageTaken":30,"stat.mineBlock.minecraft.log":18,"stat.useItem.minecraft.golden_apple":1,"stat.flyOneCm":5634,"stat.useItem.minecraft.ender_pearl":15,"stat.pickup.minecraft.wheat_seeds":1,"stat.drop":2,"stat.mineBlock.minecraft.leaves":26,"stat.playOneMinute":39841,"stat.drop.minecraft.wheat_seeds":1,"stat.sneakTime":1769,"stat.damageDealt":10,"stat.timeSinceDeath":39841,"stat.useItem.minecraft.crafting_table":1,"stat.mineBlock.minecraft.tallgrass":2}