{"stat.useItem.276":24,"stat.walkOneCm":772252,"stat.horseOneCm":308004,"stat.leaveGame":129,"stat.mineBlock.175":1,"stat.killEntity.Creeper":3,"stat.swimOneCm":13395,"stat.jump":1310,"stat.useItem.30":4,"stat.fallOneCm":26956,"stat.entityKilledBy.Skeleton":1,"stat.killEntity.Squid":2,"achievement.exploreAllBiomes":{"value":0,"progress":["Forest"]},"stat.useItem.42":18,"stat.useItem.86":4,"stat.useItem.130":3,"stat.killEntity.Skeleton":14,"achievement.openInventory":26,"stat.killEntity.Chicken":16,"stat.damageTaken":1648,"stat.killEntity.Spider":2,"stat.mineBlock.3":2,"stat.mobKills":149,"stat.flyOneCm":702739,"stat.deaths":5,"stat.useItem.12":2,"stat.drop":499,"stat.playOneMinute":2752592,"stat.killEntity.Sheep":14,"stat.useItem.3":1,"stat.damageDealt":6920,"stat.killEntity.Zombie":9,"stat.killEntity.Cow":8,"stat.useItem.19":24,"stat.killEntity.Pig":72,"stat.diveOneCm":43704,"stat.mineBlock.31":3}